mode,direction,magnitude_cm,site,error_mm,gof,realised_mm_mean
baseline,none,0.0,1225,0.02761303511319632,99.99999245557049,0.0
baseline,none,0.0,18006,0.11333814433511756,99.9999430063665,0.0
baseline,none,0.0,20049,0.17386287908737535,99.9999371959827,0.0
baseline,none,0.0,18871,0.018903027865026473,99.99999290625374,0.0
baseline,none,0.0,11130,0.042097821508439576,99.99998882365969,0.0
baseline,none,0.0,9619,0.5924284706452346,99.99945635596002,0.0
baseline,none,0.0,7218,0.006926914571168311,99.99999948176144,0.0
baseline,none,0.0,7641,0.053199312313255975,99.99997835316904,0.0
baseline,none,0.0,9526,0.02845388286567766,99.99999530230188,0.0
baseline,none,0.0,534,0.30024617452234414,99.99985985084558,0.0
baseline,none,0.0,19888,0.17169527018190273,99.99988189421252,0.0
baseline,none,0.0,14886,0.04430028332549612,99.99998450414282,0.0
cap,anterior,0.25,1225,0.9327436767523234,99.99967147099126,1.8909285947124477
cap,anterior,0.25,18006,1.608123875302077,99.99970726784073,1.8909285947124477
cap,anterior,0.25,20049,0.3161276195290015,99.99968817375367,1.8909285947124477
cap,anterior,0.25,18871,1.8045592139861593,99.99992409112899,1.8909285947124477
cap,anterior,0.25,11130,1.6583357261375704,99.99970137115591,1.8909285947124477
cap,anterior,0.25,9619,2.1186782462011884,99.99974340015157,1.8909285947124477
cap,anterior,0.25,7218,1.4688649887619813,99.99990421648053,1.8909285947124477
cap,anterior,0.25,7641,1.719755016441906,99.99984125800047,1.8909285947124477
cap,anterior,0.25,9526,1.5449763778067584,99.99980607864515,1.8909285947124477
cap,anterior,0.25,534,0.3241265876167574,99.99969763073607,1.8909285947124477
cap,anterior,0.25,19888,1.5216112952783183,99.99974776642595,1.8909285947124477
cap,anterior,0.25,14886,1.133198136224972,99.99988135801561,1.8909285947124477
cap,anterior,0.5,1225,1.8215112118327912,99.99910291426399,3.778379681891169
cap,anterior,0.5,18006,3.2262751819281403,99.99912530208144,3.778379681891169
cap,anterior,0.5,20049,0.617141708367725,99.99875802961598,3.778379681891169
cap,anterior,0.5,18871,3.638720624051388,99.99990114386907,3.778379681891169
cap,anterior,0.5,11130,3.408731162518155,99.99884453794185,3.778379681891169
cap,anterior,0.5,9619,3.3787459145479537,99.99920616173425,3.778379681891169
cap,anterior,0.5,7218,2.8972112446305873,99.99980774246843,3.778379681891169
cap,anterior,0.5,7641,3.4688291803627638,99.99935399782368,3.778379681891169
cap,anterior,0.5,9526,3.0161237359165534,99.99894393822248,3.778379681891169
cap,anterior,0.5,534,0.7243699319744438,99.99920402809579,3.778379681891169
cap,anterior,0.5,19888,2.631571316200905,99.99945718393435,3.778379681891169
cap,anterior,0.5,14886,2.367358160478959,99.99957367051518,3.778379681891169
cap,anterior,0.855,1225,3.125041101169458,99.99763868196632,6.4663325291536005
cap,anterior,0.855,18006,5.4142410854686505,99.99790849427143,6.4663325291536005
cap,anterior,0.855,20049,1.0832454007308516,99.99636756438358,6.4663325291536005
cap,anterior,0.855,18871,6.181723382491453,99.99971375469421,6.4663325291536005
cap,anterior,0.855,11130,5.8191625258222075,99.99671354806915,6.4663325291536005
cap,anterior,0.855,9619,6.523754917351439,99.99783218478605,6.4663325291536005
cap,anterior,0.855,7218,4.931448801035808,99.99969032683127,6.4663325291536005
cap,anterior,0.855,7641,5.8138572012075365,99.99793925998422,6.4663325291536005
cap,anterior,0.855,9526,5.183157517917034,99.99736886270999,6.4663325291536005
cap,anterior,0.855,534,1.2631163091900226,99.997543029023,6.4663325291536005
cap,anterior,0.855,19888,4.693677526011951,99.99836967271048,6.4663325291536005
cap,anterior,0.855,14886,3.974238276320793,99.99851104658792,6.4663325291536005
cap,anterior,0.938,1225,3.370097660066969,99.99731416420599,7.098562781813968
cap,anterior,0.938,18006,5.974826744112144,99.99756127815013,7.098562781813968
cap,anterior,0.938,20049,1.2067622973682242,99.99577413823198,7.098562781813968
cap,anterior,0.938,18871,6.600149417864218,99.9995849032376,7.098562781813968
cap,anterior,0.938,11130,6.362839009083297,99.99603293995311,7.098562781813968
cap,anterior,0.938,9619,7.231309471791449,99.99753337796405,7.098562781813968
cap,anterior,0.938,7218,5.437047987471676,99.9995507619603,7.098562781813968
cap,anterior,0.938,7641,6.342329209312084,99.99737382903653,7.098562781813968
cap,anterior,0.938,9526,5.698763392005189,99.99743051157562,7.098562781813968
cap,anterior,0.938,534,1.4137146051673628,99.99729951192248,7.098562781813968
cap,anterior,0.938,19888,5.242219743520089,99.99809747569591,7.098562781813968
cap,anterior,0.938,14886,4.349396536510283,99.99817868789137,7.098562781813968
cap,anterior,1.5,1225,5.393814488016542,99.9938620603886,11.380980275690403
cap,anterior,1.5,18006,9.485476380611953,99.99366852533981,11.380980275690403
cap,anterior,1.5,20049,1.8203547226957915,99.98960736128363,11.380980275690403
cap,anterior,1.5,18871,10.552080720590395,99.99900919137004,11.380980275690403
cap,anterior,1.5,11130,9.924456202476463,99.98836836687353,11.380980275690403
cap,anterior,1.5,9619,10.14666247780333,99.99538805292356,11.380980275690403
cap,anterior,1.5,7218,8.774007687450386,99.99848394119238,11.380980275690403
cap,anterior,1.5,7641,9.9893973928057,99.99098899427628,11.380980275690403
cap,anterior,1.5,9526,9.099833918013324,99.99339834883735,11.380980275690403
cap,anterior,1.5,534,2.209956009399216,99.9944436110362,11.380980275690403
cap,anterior,1.5,19888,8.335379512564467,99.99520477893934,11.380980275690403
cap,anterior,1.5,14886,7.127800458152026,99.99547682186115,11.380980275690403
cap,anterior,2.0,1225,7.024793395953868,99.98988752946161,15.147829115955206
cap,anterior,2.0,18006,12.588800574433185,99.98956005801286,15.147829115955206
cap,anterior,2.0,20049,2.327273236513929,99.98092696312276,15.147829115955206
cap,anterior,2.0,18871,14.03489583654643,99.99664580210124,15.147829115955206
cap,anterior,2.0,11130,13.238249788848409,99.97790181548957,15.147829115955206
cap,anterior,2.0,9619,13.467905880146033,99.99223252627688,15.147829115955206
cap,anterior,2.0,7218,11.671304949180383,99.99686062356916,15.147829115955206
cap,anterior,2.0,7641,13.159395694391579,99.98296965072899,15.147829115955206
cap,anterior,2.0,9526,12.253696998113945,99.98812406257777,15.147829115955206
cap,anterior,2.0,534,2.8099389883272927,99.99004789050886,15.147829115955206
cap,anterior,2.0,19888,11.201894301538612,99.99115393156066,15.147829115955206
cap,anterior,2.0,14886,9.548361719548351,99.99136423821746,15.147829115955206
cap,left,0.25,1225,1.3987684317494389,99.99964741049622,1.764533432042823
cap,left,0.25,18006,1.4643365701971556,99.99981335711682,1.764533432042823
cap,left,0.25,20049,1.8556170591606842,99.99945273093304,1.764533432042823
cap,left,0.25,18871,0.9231192173696893,99.99969881046586,1.764533432042823
cap,left,0.25,11130,1.1152129515910167,99.99952685338286,1.764533432042823
cap,left,0.25,9619,0.5777795831124217,99.99993568685419,1.764533432042823
cap,left,0.25,7218,1.5947987413345661,99.99990595132063,1.764533432042823
cap,left,0.25,7641,1.1007387449476347,99.999734583542,1.764533432042823
cap,left,0.25,9526,1.2772892116119572,99.99967423438152,1.764533432042823
cap,left,0.25,534,1.7885077161352108,99.99969130092835,1.764533432042823
cap,left,0.25,19888,1.0773057333043905,99.99983849850112,1.764533432042823
cap,left,0.25,14886,1.6492435239713974,99.99971058465536,1.764533432042823
cap,left,0.5,1225,2.713943489880257,99.99844903403944,3.5330105311299493
cap,left,0.5,18006,2.7936279861454363,99.9992631766352,3.5330105311299493
cap,left,0.5,20049,3.919469231768678,99.9976366150632,3.5330105311299493
cap,left,0.5,18871,1.7758682005543496,99.99870171804211,3.5330105311299493
cap,left,0.5,11130,2.2090545876153613,99.99843027604146,3.5330105311299493
cap,left,0.5,9619,1.1192058927749957,99.99975639284567,3.5330105311299493
cap,left,0.5,7218,3.1952813666203563,99.99982379062752,3.5330105311299493
cap,left,0.5,7641,2.1318239542196675,99.99908696970093,3.5330105311299493
cap,left,0.5,9526,2.5834333967145704,99.99853689287804,3.5330105311299493
cap,left,0.5,534,3.514654291992132,99.99860709838013,3.5330105311299493
cap,left,0.5,19888,2.1362624092272893,99.99945756379131,3.5330105311299493
cap,left,0.5,14886,3.234576022483026,99.99915052565773,3.5330105311299493
cap,left,0.855,1225,4.722683733125014,99.99492617481582,6.030410730992615
cap,left,0.855,18006,4.815926854572338,99.99839670487479,6.030410730992615
cap,left,0.855,20049,6.439908087099768,99.99363763252411,6.030410730992615
cap,left,0.855,18871,3.084925036166637,99.9960264343198,6.030410730992615
cap,left,0.855,11130,3.7402787462737597,99.99668745095576,6.030410730992615
cap,left,0.855,9619,2.064162565533863,99.99925718762071,6.030410730992615
cap,left,0.855,7218,5.505167535707994,99.99956643446689,6.030410730992615
cap,left,0.855,7641,3.803345577440571,99.99697089572945,6.030410730992615
cap,left,0.855,9526,4.346123557519934,99.99551394657786,6.030410730992615
cap,left,0.855,534,6.203740515881096,99.99474437553293,6.030410730992615
cap,left,0.855,19888,3.6977701731611137,99.99817621117732,6.030410730992615
cap,left,0.855,14886,5.46475121626184,99.99708971157719,6.030410730992615
cap,left,0.938,1225,5.181941804049993,99.99403254751797,6.621184232718387
cap,left,0.938,18006,5.229948345717387,99.99804043412965,6.621184232718387
cap,left,0.938,20049,7.297993184699823,99.99228683212279,6.621184232718387
cap,left,0.938,18871,3.3993809321182153,99.99537984926354,6.621184232718387
cap,left,0.938,11130,3.9979321111770787,99.99604562617978,6.621184232718387
cap,left,0.938,9619,1.9766027637489092,99.99882560370318,6.621184232718387
cap,left,0.938,7218,6.01547138537662,99.9994918286501,6.621184232718387
cap,left,0.938,7641,4.13803975072523,99.9963169194125,6.621184232718387
cap,left,0.938,9526,4.819218785504411,99.99503530731766,6.621184232718387
cap,left,0.938,534,6.887457345101326,99.99352411653045,6.621184232718387
cap,left,0.938,19888,4.03933492937085,99.99789510160882,6.621184232718387
cap,left,0.938,14886,6.0067184464214645,99.99688932181738,6.621184232718387
cap,left,1.5,1225,8.595483089100231,99.98586703188079,10.587074040895946
cap,left,1.5,18006,8.406125956973579,99.99547627750654,10.587074040895946
cap,left,1.5,20049,11.679777764871318,99.98185797958216,10.587074040895946
cap,left,1.5,18871,5.599171307924779,99.9911700614003,10.587074040895946
cap,left,1.5,11130,6.499546807070402,99.98981321012018,10.587074040895946
cap,left,1.5,9619,3.3931708099873985,99.99732045152228,10.587074040895946
cap,left,1.5,7218,9.592473141695729,99.99878020329652,10.587074040895946
cap,left,1.5,7641,6.439109078110861,99.9917405662123,10.587074040895946
cap,left,1.5,9526,7.649126395937652,99.98860700634269,10.587074040895946
cap,left,1.5,534,10.6699241944739,99.9841791106478,10.587074040895946
cap,left,1.5,19888,6.359909424947313,99.99629162892082,10.587074040895946
cap,left,1.5,14886,9.496857484177212,99.99419032100204,10.587074040895946
cap,left,2.0,1225,11.74982484048988,99.97566794554696,14.090544279150379
cap,left,2.0,18006,11.257404908837204,99.99305993881516,14.090544279150379
cap,left,2.0,20049,15.947778249802663,99.96790307295194,14.090544279150379
cap,left,2.0,18871,7.661414844060648,99.98530738991333,14.090544279150379
cap,left,2.0,11130,8.469506887990526,99.98527685538025,14.090544279150379
cap,left,2.0,9619,4.4449893172676,99.99512396160236,14.090544279150379
cap,left,2.0,7218,12.632172914187434,99.9979351432555,14.090544279150379
cap,left,2.0,7641,8.5233648075936,99.98606838542796,14.090544279150379
cap,left,2.0,9526,10.153382912289018,99.98084097263173,14.090544279150379
cap,left,2.0,534,13.782049761639533,99.96997004793174,14.090544279150379
cap,left,2.0,19888,8.266129717755206,99.9940626904453,14.090544279150379
cap,left,2.0,14886,12.667160717792568,99.98971780781697,14.090544279150379
