subject_id,trial,head_circumference,preauricular_arc,nasion_inion_arc
1,1,,38.0,37.0
1,2,,38.0,37.0
2,1,,36.0,34.0
2,2,,36.0,36.5
3,1,,34.0,35.0
3,2,55.0,34.0,36.0
4,1,56.5,36.0,37.0
4,2,56.5,34.0,36.0
5,1,57.0,35.0,35.0
5,2,56.5,35.5,35.5
6,1,56.5,35.5,34.0
6,2,,,
7,1,57.5,36.0,36.5
7,2,57.5,36.0,35.0
8,1,57.0,37.0,38.0
8,2,57.5,37.0,38.0
9,1,58.5,33.0,37.0
9,2,58.0,33.0,37.0
10,1,56.5,35.0,36.5
10,2,56.0,35.5,35.0
11,1,56.5,32.5,35.5
11,2,56.0,32.5,35.5
12,1,59.0,34.5,37.0
12,2,59.0,35.0,37.0
13,1,58.0,36.5,35.5
13,2,58.0,35.5,36.5
14,1,60.5,37.5,38.0
14,2,60.5,38.0,38.0
15,1,62.0,36.0,38.0
15,2,62.0,36.0,38.0
16,1,54.5,34.0,35.0
16,2,54.5,34.0,34.0
17,1,58.0,36.0,34.0
17,2,58.0,36.0,34.0
18,1,55.5,34.0,35.0
18,2,55.0,34.0,35.0
19,1,57.0,37.0,36.0
19,2,57.5,36.0,36.0
20,1,57.0,34.0,35.0
20,2,57.0,34.0,35.0
21,1,57.0,34.0,34.5
21,2,57.0,34.0,34.0
22,1,57.0,34.0,33.0
22,2,57.0,35.0,33.0
23,1,59.0,32.0,35.0
23,2,59.0,32.0,35.0
24,1,55.5,33.0,34.0
24,2,55.5,34.0,34.0
25,1,58.0,33.0,35.0
25,2,58.0,33.0,35.0
26,1,56.5,35.0,37.0
26,2,56.5,35.0,36.0
27,1,59.0,35.0,37.0
27,2,59.0,35.0,37.0
28,1,57.5,36.0,37.0
28,2,57.5,35.5,36.0
29,1,54.0,31.5,36.0
29,2,54.0,31.5,36.0
30,1,56.0,32.0,36.0
30,2,56.0,32.0,35.0
31,1,54.5,33.0,35.0
31,2,54.5,33.0,35.0
